<?xml version="1.0" encoding="UTF-8"?>
<!DOCTYPE mapper PUBLIC "-//mybatis.org//DTD Mapper 3.0//EN" "http://mybatis.org/dtd/mybatis-3-mapper.dtd">
<mapper namespace="com.example.demo6.dao.AdminEntityMapper">
    <resultMap id="adminResult" type="com.example.demo6.beans.AdminEntity">
        <constructor>
            <arg column="adminId" javaType="java.lang.Integer" jdbcType="INTEGER" />
            <arg column="adminAccount" javaType="java.lang.String" jdbcType="VARCHAR" />
            <arg column="adminPassword" javaType="java.lang.String" jdbcType="VARCHAR" />
            <arg column="adminName" javaType="java.lang.String" jdbcType="VARCHAR" />
            <arg column="adminDuty" javaType="java.lang.String" jdbcType="VARCHAR" />
            <arg column="adminDescription" javaType="java.lang.String" jdbcType="VARCHAR" />
            <arg column="adminIfFreeze" javaType="java.lang.String" jdbcType="CHAR" />
            <arg column="adminCreateTime" javaType="java.util.Date" jdbcType="TIMESTAMP" />
            <arg column="adminChangeTime" javaType="java.util.Date" jdbcType="TIMESTAMP" />
        </constructor>
    </resultMap>
    <sql id="Base_Column_List">
        adminId,adminAccount,adminPassword,adminName,adminDuty,
        adminDescription,adminIfFreeze,adminCreateTime,adminChangeTime
    </sql>

    <select id="login" parameterType="com.example.demo6.beans.AdminEntity"  resultType="com.example.demo6.beans.AdminEntity">
        select * from administrator
        where adminAccount=#{adminaccount} AND adminPassword=#{adminpassword}
    </select>

    <select id="info" parameterType="java.lang.String" resultType="com.example.demo6.beans.AdminEntity">
        select * from administrator
        where adminAccount=#{adminaccount}
    </select>






    <insert id="create" parameterType="com.example.demo6.beans.AdminEntity" >
        insert into administrator
        <trim prefix="(" suffix=")" suffixOverrides=",">
            <if test="adminaccount != null">
                adminAccount,
            </if>
            <if test="adminpassword != null">
                adminPassword,
            </if>
            <if test="adminname != null">
                adminName,
            </if>
            <if test="adminduty != null">
                adminDuty,
            </if>
            <if test="admindescription != null">
                adminDescription,
            </if>
            <if test="adminiffreeze != null">
                adminIfFreeze,
            </if>
            <if test="admincreatetime!= null">
                adminCreateTime,
            </if>
            <if test="adminchangetime != null">
                adminChangeTime,
            </if>
        </trim>
        <trim prefix="values (" suffix=")" suffixOverrides=",">
            <if test="adminaccount != null">
                #{adminaccount,jdbcType=INTEGER},
            </if>
            <if test="adminpassword != null">
                #{adminpassword,jdbcType=INTEGER},
            </if>
            <if test="adminname != null">
                #{adminname,jdbcType=VARCHAR},
            </if>
            <if test="adminduty != null">
                #{adminduty,jdbcType=VARCHAR},
            </if>
            <if test="admindescription != null">
                #{admindescription,jdbcType=VARCHAR},
            </if>
            <if test="adminiffreeze != null">
                #{adminiffreeze,jdbcType=CHAR},
            </if>
            <if test="admincreatetime != null">
                #{admincreatetime,jdbcType=VARCHAR},
            </if>
            <if test="adminchangetime != null">
                #{adminchangetime,jdbcType=VARCHAR},
            </if>
        </trim>
    </insert>

    <update id="modify" parameterType="com.example.demo6.beans.AdminEntity" >
        update administrator
        <set>
            <if test="adminpassword != null">
                adminPassword = #{adminpassword,jdbcType=INTEGER},
            </if>
            <if test="adminname != null">
                adminName =  #{adminname,jdbcType=VARCHAR},
            </if>
            <if test="adminduty != null">
                adminDuty = #{adminduty,jdbcType=VARCHAR},
            </if>
            <if test="admindescription != null">
                adminDescription = #{admindescription,jdbcType=VARCHAR},
            </if>
            <if test="adminiffreeze != null">
                adminIfFreeze = #{adminiffreeze,jdbcType=CHAR},
            </if>
            <if test="adminchangetime != null">
                adminChangeTime = #{adminchangetime,jdbcType=VARCHAR},
            </if>
        </set>
        where adminId = #{adminid,jdbcType=INTEGER}
    </update>


    <delete id="delete" parameterType= "java.lang.Integer">
        delete from administrator
        where adminId = #{adminid,jdbcType=INTEGER}
    </delete>





</mapper>