<?xml version="1.0" encoding="UTF-8" ?>
<!DOCTYPE mapper PUBLIC "-//mybatis.org//DTD Mapper 3.0//EN" "http://mybatis.org/dtd/mybatis-3-mapper.dtd" >
<mapper namespace="com.example.demo6.dao.RemarkEntityMapper" >
    <resultMap id="RemarkResult" type="com.example.demo6.beans.RemarkEntity" >
        <constructor >
            <idArg column="remarkId" jdbcType="INTEGER" javaType="java.lang.Integer" />
            <arg column="userId" jdbcType="INTEGER" javaType="java.lang.Integer" />
            <arg column="scenicId" jdbcType="INTEGER" javaType="java.lang.Integer" />
            <arg column="userName" jdbcType="VARCHAR" javaType="java.lang.String" />
            <arg column="remarkDetails" jdbcType="VARCHAR" javaType="java.lang.String" />
            <arg column="remarkCreateTime" jdbcType="TIMESTAMP" javaType="java.util.Date" />
            <arg column="remarkChangeTime" jdbcType="TIMESTAMP" javaType="java.util.Date" />
        </constructor>
    </resultMap>
    <sql id="Base_Column_List" >
        remarkId, userId, scenicId, userName, remarkDetails, remarkCreateTime, remarkChangeTime
    </sql>

    <select id="searchByUserId" parameterType="java.lang.Integer" resultType="map">
        select
        <include refid="Base_Column_List" />
        from remark
        where userId = #{userid}
    </select>

    <select id="searchByScenicId" parameterType="java.lang.Integer" resultType="map">
        select
        <include refid="Base_Column_List" />
        from remark
        where scenicId = #{scenicid}
    </select>

    <insert id="release" parameterType="com.example.demo6.beans.RemarkEntity">
        insert into remark
        <trim prefix="(" suffix=")" suffixOverrides=",">
            <if test="userid != null">
                userId,
            </if>
            <if test="scenicid != null">
                scenicId,
            </if>
            <if test="username != null">
                userName,
            </if>
            <if test="remarkdetails != null">
                remarkDetails,
            </if>
            <if test="remarkcreatetime != null">
                remarkCreateTime,
            </if>
            <if test="remarkchangetime != null">
                remarkChangeTime,
            </if>
        </trim>
        <trim prefix="values (" suffix=")" suffixOverrides=",">
            <if test="userid != null">
                #{userid,jdbcType=INTEGER},
            </if>
            <if test="scenicid != null">
                #{scenicid,jdbcType=INTEGER},
            </if>
            <if test="username != null">
                #{username,jdbcType=VARCHAR},
            </if>
            <if test="remarkdetails != null">
                #{remarkdetails,jdbcType=VARCHAR},
            </if>
            <if test="remarkcreatetime != null">
                #{remarkcreatetime,jdbcType=VARCHAR},
            </if>
            <if test="remarkchangetime != null">
                #{remarkchangetime,jdbcType=VARCHAR},
            </if>
        </trim>
    </insert>


    <update id="modify" parameterType="com.example.demo6.beans.RemarkEntity">
        update remark
        <set>
            <if test="username != null">
                userName = #{username,jdbcType=VARCHAR},
            </if>
            <if test="remarkdetails != null">
                remarkDetails = #{remarkdetails,jdbcType=VARCHAR},
            </if>
            <if test="remarkchangetime != null">
                remarkChangeTime = #{remarkchangetime,jdbcType=VARCHAR},
            </if>
        </set>
        where remarkId = #{remarkid,jdbcType=INTEGER}
    </update>

    <delete id="delete" parameterType= "java.lang.Integer">
        delete from remark
        where remarkId = #{remarkid,jdbcType=INTEGER}
    </delete>

</mapper>