<?xml version="1.0" encoding="UTF-8" ?>
<!DOCTYPE mapper PUBLIC "-//mybatis.org//DTD Mapper 3.0//EN" "http://mybatis.org/dtd/mybatis-3-mapper.dtd" >
<mapper namespace="com.example.demo6.dao.RouteEntityMapper" >
    <resultMap id="RouteResult" type="com.example.demo6.beans.RouteEntity" >
        <constructor >
            <idArg column="routeId" jdbcType="INTEGER" javaType="java.lang.Integer" />
            <arg column="scenicId" jdbcType="INTEGER" javaType="java.lang.Integer" />
            <arg column="routeName" jdbcType="VARCHAR" javaType="java.lang.String" />
            <arg column="routeIntroduction" jdbcType="VARCHAR" javaType="java.lang.String" />
            <arg column="routeTime" jdbcType="TIME" javaType="java.util.Date" />
            <arg column="routeCreateTime" jdbcType="TIMESTAMP" javaType="java.util.Date" />
            <arg column="routeChangeTime" jdbcType="TIMESTAMP" javaType="java.util.Date" />
        </constructor>
    </resultMap>
    <sql id="Base_Column_List" >
        routeId, scenicId, routeName, routeIntroduction, routeTime, routeCreateTime, routeChangeTime
    </sql>


    <select id="show" parameterType="java.lang.Integer" resultType="map">
        select
        <include refid="Base_Column_List" />
        from route
        where scenicId = #{scenicid}
    </select>


    <insert id="release" parameterType="com.example.demo6.beans.RouteEntity">
        insert into route
        <trim prefix="(" suffix=")" suffixOverrides=",">
            <if test="scenicid != null">
                scenicId,
            </if>
            <if test="routename != null">
                routeName,
            </if>
            <if test="routeintroduction != null">
                routeIntroduction,
            </if>
            <if test="routetime != null">
                routeTime,
            </if>
            <if test="routecreatetime != null">
                routeCreateTime,
            </if>
            <if test="routechangetime != null">
                routeChangeTime,
            </if>
        </trim>
        <trim prefix="values (" suffix=")" suffixOverrides=",">
            <if test="scenicid != null">
                #{scenicid,jdbcType=INTEGER},
            </if>
            <if test="routename != null">
                #{routename,jdbcType=VARCHAR},
            </if>
            <if test="routeintroduction != null">
                #{routeintroduction,jdbcType=VARCHAR},
            </if>
            <if test="routetime != null">
                #{routetime,jdbcType=VARCHAR},
            </if>
            <if test="routecreatetime != null">
                #{routecreatetime,jdbcType=VARCHAR},
            </if>
            <if test="routechangetime != null">
                #{routechangetime,jdbcType=VARCHAR},
            </if>
        </trim>
    </insert>



    <update id="modify" parameterType="com.example.demo6.beans.RouteEntity">
        update route
        <set>
            <if test="routename != null">
                routeName = #{routename,jdbcType=VARCHAR},
            </if>
            <if test="routeintroduction != null">
                routeIntroduction = #{routeintroduction,jdbcType=VARCHAR},
            </if>
            <if test="routetime != null">
                routeTime = #{routetime,jdbcType=VARCHAR},
            </if>
            <if test="routechangetime != null">
                routeChangeTime = #{routechangetime,jdbcType=VARCHAR},
            </if>
        </set>
        where routeId = #{routeid,jdbcType=INTEGER}
    </update>

    <delete id="delete" parameterType= "java.lang.Integer">
        delete from route
        where routeId = #{routeid,jdbcType=INTEGER}
    </delete>


</mapper>