<?xml version="1.0" encoding="UTF-8" ?>
<!DOCTYPE mapper PUBLIC "-//mybatis.org//DTD Mapper 3.0//EN" "http://mybatis.org/dtd/mybatis-3-mapper.dtd" >
<mapper namespace="com.example.demo6.dao.ScenicEntityMapper" >
    <resultMap id="ScenicResult" type="com.example.demo6.beans.ScenicEntity" >
        <constructor >
            <idArg column="scenicId" jdbcType="INTEGER" javaType="java.lang.Integer" />
            <arg column="scenicName" jdbcType="VARCHAR" javaType="java.lang.String" />
            <arg column="scenicIntroduction" jdbcType="VARCHAR" javaType="java.lang.String" />
            <arg column="scenicPrice" jdbcType="VARCHAR" javaType="java.lang.String" />
            <arg column="scenicCity" jdbcType="VARCHAR" javaType="java.lang.String" />
            <arg column="scenicLocation" jdbcType="VARCHAR" javaType="java.lang.String" />
            <arg column="scenicOpenTime" jdbcType="TIME" javaType="java.util.Date" />
            <arg column="scenicCloseTime" jdbcType="TIME" javaType="java.util.Date" />
            <arg column="scenicPic" jdbcType="VARCHAR" javaType="java.lang.String" />
            <arg column="scenicGrade" jdbcType="VARCHAR" javaType="java.lang.String" />
            <arg column="scenicClass" jdbcType="VARCHAR" javaType="java.lang.String" />
            <arg column="scenicStatus" jdbcType="VARCHAR" javaType="java.lang.String" />
            <arg column="scenicCreateTime" jdbcType="TIMESTAMP" javaType="java.util.Date" />
            <arg column="scenicChangeTime" jdbcType="TIMESTAMP" javaType="java.util.Date" />
        </constructor>
    </resultMap>
    <resultMap id="RemarkResult" type="com.example.demo6.beans.RemarkEntity" >
        <constructor >
            <idArg column="remarkId" jdbcType="INTEGER" javaType="java.lang.Integer" />
            <arg column="userId" jdbcType="INTEGER" javaType="java.lang.Integer" />
            <arg column="scenicId" jdbcType="INTEGER" javaType="java.lang.Integer" />
            <arg column="userName" jdbcType="VARCHAR" javaType="java.lang.String" />
            <arg column="remarkDetails" jdbcType="VARCHAR" javaType="java.lang.String" />
            <arg column="remarkCreateTime" jdbcType="TIMESTAMP" javaType="java.util.Date" />
            <arg column="remarkChangeTime" jdbcType="TIMESTAMP" javaType="java.util.Date" />
        </constructor>
    </resultMap>
    <resultMap id="TogetherResult" type="com.example.demo6.beans.TogetherEntity" >
        <constructor >
            <idArg column="togetherId" jdbcType="INTEGER" javaType="java.lang.Integer" />
            <arg column="scenicId" jdbcType="INTEGER" javaType="java.lang.Integer" />
            <arg column="userId" jdbcType="INTEGER" javaType="java.lang.Integer" />
            <arg column="userContact" jdbcType="VARCHAR" javaType="java.lang.String" />
            <arg column="togetherDetails" jdbcType="VARCHAR" javaType="java.lang.String" />
            <arg column="togetherStartTime" jdbcType="VARCHAR" javaType="java.lang.String" />
            <arg column="togetherEndTime" jdbcType="VARCHAR" javaType="java.lang.String" />
            <arg column="togetherCreateTime" jdbcType="TIMESTAMP" javaType="java.util.Date" />
            <arg column="togetherChangeTime" jdbcType="TIMESTAMP" javaType="java.util.Date" />
        </constructor>
    </resultMap>
    <resultMap id="RouteResult" type="com.example.demo6.beans.RouteEntity" >
        <constructor >
            <idArg column="routeId" jdbcType="INTEGER" javaType="java.lang.Integer" />
            <arg column="scenicId" jdbcType="INTEGER" javaType="java.lang.Integer" />
            <arg column="routeName" jdbcType="VARCHAR" javaType="java.lang.String" />
            <arg column="routeIntroduction" jdbcType="VARCHAR" javaType="java.lang.String" />
            <arg column="routeTime" jdbcType="TIME" javaType="java.util.Date" />
            <arg column="routeCreateTime" jdbcType="TIMESTAMP" javaType="java.util.Date" />
            <arg column="routeChangeTime" jdbcType="TIMESTAMP" javaType="java.util.Date" />
        </constructor>
    </resultMap>



    <sql id="Base_Column_List" >
        scenicId, scenicName, scenicIntroduction, scenicPrice, scenicCity, scenicLocation,
    scenicOpenTime, scenicCloseTime, scenicPic, scenicGrade, scenicClass, scenicStatus,
    scenicCreateTime, scenicChangeTime
    </sql>

    <select id="show" resultType="map">
        select
        <include refid="Base_Column_List" />
        from scenic
    </select>

    <select id="searchByString" parameterType="java.lang.String"  resultType="map">
        select
        <include refid="Base_Column_List" />
        from scenic
        where scenicName like concat('%',#{searchstring},'%') or scenicLocation like concat('%',#{searchstring},'%')
        or scenicCity like concat('%',#{searchstring},'%')
    </select>

    <select id="searchById" parameterType="java.lang.Integer" resultType="com.example.demo6.beans.ScenicEntity">
        select
        <include refid="Base_Column_List" />
        from scenic
        where scenicId = #{scenicid}
    </select>



    <insert id="release" parameterType="com.example.demo6.beans.ScenicEntity" >
        insert into scenic
        <trim prefix="(" suffix=")" suffixOverrides=",">
            <if test="scenicname != null">
                scenicName,
            </if>
            <if test="scenicintroduction != null">
                scenicIntroduction,
            </if>
            <if test="scenicprice != null">
                scenicPrice,
            </if>
            <if test="sceniccity != null">
                scenicCity,
            </if>
            <if test="sceniclocation != null">
                scenicLocation,
            </if>
            <if test="scenicopentime != null">
                scenicOpenTime,
            </if>
            <if test="scenicclosetime != null">
                scenicCloseTime,
            </if>
            <if test="scenicpic != null">
                scenicPic,
            </if>
            <if test="scenicgrade != null">
                scenicGrade,
            </if>
            <if test="scenicclass != null">
                scenicClass,
            </if>
            <if test="scenicstatus != null">
                scenicStatus,
            </if>
            <if test="sceniccreatetime != null">
                scenicCreateTime,
            </if>
            <if test="scenicchangetime != null">
                scenicChangeTime,
            </if>

        </trim>
        <trim prefix="values (" suffix=")" suffixOverrides=",">
            <if test="scenicname != null">
                #{scenicname,jdbcType=VARCHAR},
            </if>
            <if test="scenicintroduction != null">
                #{scenicintroduction,jdbcType=VARCHAR},
            </if>
            <if test="scenicprice != null">
                #{scenicprice,jdbcType=VARCHAR},
            </if>
            <if test="sceniccity != null">
                #{sceniccity,jdbcType=VARCHAR},
            </if>
            <if test="sceniclocation != null">
                #{sceniclocation,jdbcType=VARCHAR},
            </if>
            <if test="scenicopentime != null">
                #{scenicopentime,jdbcType=VARCHAR},
            </if>
            <if test="scenicclosetime != null">
                #{scenicclosetime,jdbcType=VARCHAR},
            </if>
            <if test="scenicpic != null">
                #{scenicpic,jdbcType=VARCHAR},
            </if>
            <if test="scenicgrade != null">
                #{scenicgrade,jdbcType=VARCHAR},
            </if>
            <if test="scenicclass != null">
                #{scenicclass,jdbcType=VARCHAR},
            </if>
            <if test="scenicstatus != null">
                #{scenicstatus,jdbcType=VARCHAR},
            </if>
            <if test="sceniccreatetime != null">
                #{sceniccreatetime,jdbcType=VARCHAR},
            </if>
            <if test="scenicchangetime != null">
                #{scenicchangetime,jdbcType=VARCHAR},
            </if>
        </trim>
    </insert>

    <delete id="delete" parameterType= "java.lang.Integer">
        delete from remark
        where scenicId = #{scenicid,jdbcType=INTEGER};
        delete from together
        where scenicId = #{scenicid,jdbcType=INTEGER};
        delete from route
        where scenicId = #{scenicid,jdbcType=INTEGER};
        delete from scenic
        where scenicId = #{scenicid,jdbcType=INTEGER};
    </delete>

    <update id="modify" parameterType="com.example.demo6.beans.ScenicEntity">
        update scenic
            <set>
                <if test="scenicname != null">
                    scenicName = #{scenicname,jdbcType=VARCHAR},
                </if>
                <if test="scenicintroduction != null">
                    scenicIntroduction = #{scenicintroduction,jdbcType=VARCHAR},
                </if>
                <if test="scenicprice != null">
                    scenicPrice = #{scenicprice,jdbcType=VARCHAR},
                </if>
                <if test="sceniccity != null">
                    scenicCity = #{sceniccity,jdbcType=VARCHAR},
                </if>
                <if test="sceniclocation != null">
                    scenicLocation = #{sceniclocation,jdbcType=VARCHAR},
                </if>
                <if test="scenicopentime != null">
                    scenicOpenTime = #{scenicopentime,jdbcType=VARCHAR},
                </if>
                <if test="scenicclosetime != null">
                    scenicCloseTime = #{scenicclosetime,jdbcType=VARCHAR},
                </if>
                <if test="scenicpic != null">
                    scenicPic = #{scenicpic,jdbcType=VARCHAR},
                </if>
                <if test="scenicgrade != null">
                    scenicGrade = #{scenicgrade,jdbcType=VARCHAR},
                </if>
                <if test="scenicclass != null">
                    scenicClass = #{scenicclass,jdbcType=VARCHAR},
                </if>
                <if test="scenicstatus != null">
                    scenicStatus = #{scenicstatus,jdbcType=VARCHAR},
                </if>
                <if test="sceniccreatetime != null">
                    scenicCreateTime = #{sceniccreatetime,jdbcType=VARCHAR},
                </if>
                <if test="scenicchangetime != null">
                    scenicChangeTime = #{scenicchangetime,jdbcType=VARCHAR},
                </if>
            </set>
        where scenicId = #{scenicid,jdbcType=INTEGER}
    </update>
</mapper>