<?xml version="1.0" encoding="UTF-8" ?>
<!DOCTYPE mapper PUBLIC "-//mybatis.org//DTD Mapper 3.0//EN" "http://mybatis.org/dtd/mybatis-3-mapper.dtd" >
<mapper namespace="com.example.demo6.dao.TogetherEntityMapper" >
    <resultMap id="TogetherResult" type="com.example.demo6.beans.TogetherEntity" >
        <constructor >
            <idArg column="togetherId" jdbcType="INTEGER" javaType="java.lang.Integer" />
            <arg column="scenicId" jdbcType="INTEGER" javaType="java.lang.Integer" />
            <arg column="userId" jdbcType="INTEGER" javaType="java.lang.Integer" />
            <arg column="userContact" jdbcType="VARCHAR" javaType="java.lang.String" />
            <arg column="togetherDetails" jdbcType="VARCHAR" javaType="java.lang.String" />
            <arg column="togetherStartTime" jdbcType="VARCHAR" javaType="java.lang.String" />
            <arg column="togetherEndTime" jdbcType="VARCHAR" javaType="java.lang.String" />
            <arg column="togetherCreateTime" jdbcType="TIMESTAMP" javaType="java.util.Date" />
            <arg column="togetherChangeTime" jdbcType="TIMESTAMP" javaType="java.util.Date" />
        </constructor>
    </resultMap>
    <sql id="Base_Column_List" >
        togetherId, scenicId, userId, userContact, togetherDetails, togetherStartTime, togetherEndTime,
    togetherCreateTime, togetherChangeTime
    </sql>

    <select id="searchByUserId" parameterType="java.lang.Integer" resultType="map">
        select
        <include refid="Base_Column_List" />
        from together
        where userId = #{userid}
    </select>

    <select id="searchByScenicId" parameterType="java.lang.Integer" resultType="map">
        select
        <include refid="Base_Column_List" />
        from together
        where scenicId = #{scenicid}
    </select>




    <insert id="release" parameterType="com.example.demo6.beans.TogetherEntity">
        insert into together
        <trim prefix="(" suffix=")" suffixOverrides=",">
            <if test="scenicid != null">
                scenicId,
            </if>
            <if test="userid != null">
                userId,
            </if>
            <if test="usercontact != null">
                userContact,
            </if>
            <if test="togetherdetails != null">
                togetherDetails,
            </if>
            <if test="togetherstarttime != null">
                togetherStartTime,
            </if>
            <if test="togetherendtime != null">
                togetherEndTime,
            </if>
            <if test="togethercreatetime != null">
                togetherCreateTime,
            </if>
            <if test="togetherchangetime != null">
                togetherChangeTime,
            </if>
        </trim>
        <trim prefix="values (" suffix=")" suffixOverrides=",">
            <if test="scenicid != null">
                #{scenicid,jdbcType=INTEGER},
            </if>
            <if test="userid != null">
                #{userid,jdbcType=INTEGER},
            </if>
            <if test="usercontact != null">
                #{usercontact,jdbcType=VARCHAR},
            </if>
            <if test="togetherdetails != null">
                #{togetherdetails,jdbcType=VARCHAR},
            </if>
            <if test="togetherstarttime != null">
                #{togetherstarttime,jdbcType=VARCHAR},
            </if>
            <if test="togetherendtime != null">
                #{togetherendtime,jdbcType=VARCHAR},
            </if>
            <if test="togethercreatetime != null">
                #{togethercreatetime,jdbcType=TIMESTAMP},
            </if>
            <if test="togetherchangetime != null">
                #{togetherchangetime,jdbcType=TIMESTAMP},
            </if>
        </trim>
    </insert>

    <update id="modify" parameterType="com.example.demo6.beans.TogetherEntity">
        update together
        <set>
            <if test="usercontact != null">
                userContact = #{usercontact,jdbcType=VARCHAR},
            </if>
            <if test="togetherdetails != null">
                togetherDetails = #{togetherdetails,jdbcType=VARCHAR},
            </if>
            <if test="togetherstarttime != null">
                togetherStartTime = #{togetherstarttime,jdbcType=VARCHAR},
            </if>
            <if test="togetherendtime != null">
                togetherEndTime = #{togetherendtime,jdbcType=VARCHAR},
            </if>
            <if test="togetherchangetime != null">
                togetherChangeTime = #{togetherchangetime,jdbcType=VARCHAR},
            </if>
        </set>
        where togetherId = #{togetherid,jdbcType=INTEGER}
    </update>

    <delete id="delete" parameterType= "java.lang.Integer">
        delete from together
        where togetherId = #{togetherid,jdbcType=INTEGER}
    </delete>
    
</mapper>