<?xml version="1.0" encoding="UTF-8"?>
<!DOCTYPE mapper PUBLIC "-//mybatis.org//DTD Mapper 3.0//EN" "http://mybatis.org/dtd/mybatis-3-mapper.dtd">
<mapper namespace="com.example.demo6.dao.UserEntityMapper">
    <resultMap id="userResult" type="com.example.demo6.beans.UserEntity">
        <constructor>
            <arg column="userId" javaType="java.lang.Integer" jdbcType="INTEGER" />
            <arg column="userAccount" javaType="java.lang.String" jdbcType="VARCHAR" />
            <arg column="userPassword" javaType="java.lang.String" jdbcType="VARCHAR" />
            <arg column="userName" javaType="java.lang.String" jdbcType="VARCHAR" />
            <arg column="userSex" javaType="java.lang.String" jdbcType="CHAR" />
            <arg column="userPhone" javaType="java.lang.String" jdbcType="VARCHAR" />
            <arg column="userAddress" javaType="java.lang.String" jdbcType="VARCHAR" />
            <arg column="userEmail" javaType="java.lang.String" jdbcType="VARCHAR" />
            <arg column="userNation" javaType="java.lang.String" jdbcType="VARCHAR" />
            <arg column="userCreateTime" javaType="java.util.Date" jdbcType="TIMESTAMP" />
            <arg column="userChangeTime" javaType="java.util.Date" jdbcType="TIMESTAMP" />
            <arg column="userRemarks" javaType="java.lang.String" jdbcType="VARCHAR" />
        </constructor>
    </resultMap>

    <resultMap id="RemarkResult" type="com.example.demo6.beans.RemarkEntity" >
        <constructor >
            <idArg column="remarkId" jdbcType="INTEGER" javaType="java.lang.Integer" />
            <arg column="userId" jdbcType="INTEGER" javaType="java.lang.Integer" />
            <arg column="scenicId" jdbcType="INTEGER" javaType="java.lang.Integer" />
            <arg column="userName" jdbcType="VARCHAR" javaType="java.lang.String" />
            <arg column="remarkDetails" jdbcType="VARCHAR" javaType="java.lang.String" />
            <arg column="remarkCreateTime" jdbcType="TIMESTAMP" javaType="java.util.Date" />
            <arg column="remarkChangeTime" jdbcType="TIMESTAMP" javaType="java.util.Date" />
        </constructor>
    </resultMap>
    <resultMap id="TogetherResult" type="com.example.demo6.beans.TogetherEntity" >
        <constructor >
            <idArg column="togetherId" jdbcType="INTEGER" javaType="java.lang.Integer" />
            <arg column="scenicId" jdbcType="INTEGER" javaType="java.lang.Integer" />
            <arg column="userId" jdbcType="INTEGER" javaType="java.lang.Integer" />
            <arg column="userContact" jdbcType="VARCHAR" javaType="java.lang.String" />
            <arg column="togetherDetails" jdbcType="VARCHAR" javaType="java.lang.String" />
            <arg column="togetherStartTime" jdbcType="VARCHAR" javaType="java.lang.String" />
            <arg column="togetherEndTime" jdbcType="VARCHAR" javaType="java.lang.String" />
            <arg column="togetherCreateTime" jdbcType="TIMESTAMP" javaType="java.util.Date" />
            <arg column="togetherChangeTime" jdbcType="TIMESTAMP" javaType="java.util.Date" />
        </constructor>
    </resultMap>




    <sql id="Base_Column_List">
        userId,userAccount,userPassword,userName,userSex,userPhone,userAddress,
    userEmail,userNation,userCreateTime,userChangeTime,userRemarks
    </sql>


    <select id="findById" parameterType="java.lang.Integer" resultType="com.example.demo6.beans.UserEntity">
        select * from user
        where userId=#{userid}
    </select>

    <select id="findByAccount" parameterType="java.lang.String" resultType="com.example.demo6.beans.UserEntity">
        select * from user
        where userAccount =#{useraccount}
    </select>



    <select id="login" parameterType="com.example.demo6.beans.UserEntity"  resultType="com.example.demo6.beans.UserEntity">
        select * from user
        where userAccount=#{useraccount} AND userPassword=#{userpassword}
    </select>

    <select id="info" parameterType="java.lang.String" resultType="com.example.demo6.beans.UserEntity">
        select * from user
        where userAccount=#{useraccount}
    </select>




    <insert id="create" parameterType="com.example.demo6.beans.UserEntity" >
        insert into user
        <trim prefix="(" suffix=")" suffixOverrides=",">
            <if test="useraccount != null">
                userAccount,
            </if>
            <if test="userpassword != null">
                userPassword,
            </if>
            <if test="username != null">
                userName,
            </if>
            <if test="usersex != null">
                userSex,
            </if>
            <if test="userphone != null">
                userPhone,
            </if>
            <if test="useraddress != null">
                userAddress,
            </if>
            <if test="useremail != null">
                userEmail,
            </if>
            <if test="usernation != null">
                userNation,
            </if>
            <if test="usercreatetime!= null">
                userCreateTime,
            </if>
            <if test="userchangetime != null">
                userChangeTime,
            </if>
            <if test="userremarks != null">
                userRemarks,
            </if>
        </trim>
        <trim prefix="values (" suffix=")" suffixOverrides=",">
            <if test="useraccount != null">
                #{useraccount,jdbcType=INTEGER},
            </if>
            <if test="userpassword != null">
                #{userpassword,jdbcType=INTEGER},
            </if>
            <if test="username != null">
                #{username,jdbcType=VARCHAR},
            </if>
            <if test="usersex != null">
                #{usersex,jdbcType=VARCHAR},
            </if>
            <if test="userphone != null">
                #{userphone,jdbcType=VARCHAR},
            </if>
            <if test="useraddress != null">
                #{useraddress,jdbcType=INTEGER},
            </if>
            <if test="useremail != null">
                #{useremail,jdbcType=VARCHAR},
            </if>
            <if test="usernation != null">
                #{usernation,jdbcType=VARCHAR},
            </if>
            <if test="usercreatetime != null">
                #{usercreatetime,jdbcType=VARCHAR},
            </if>
            <if test="userchangetime != null">
                #{userchangetime,jdbcType=VARCHAR},
            </if>
            <if test="userremarks != null">
                #{userremarks,jdbcType=VARCHAR},
            </if>
        </trim>
    </insert>

    <update id="modify" parameterType="com.example.demo6.beans.UserEntity" >
        update user
            <set>
                <if test="userpassword != null">
                    userPassword = #{userpassword,jdbcType=INTEGER},
                </if>
                <if test="username != null">
                    userName =  #{username,jdbcType=VARCHAR},
                </if>
                <if test="usersex != null">
                    userSex = #{usersex,jdbcType=VARCHAR},
                </if>
                <if test="userphone != null">
                    userPhone = #{userphone,jdbcType=VARCHAR},
                </if>
                <if test="useraddress != null">
                    userAddress = #{useraddress,jdbcType=VARCHAR},
                </if>
                <if test="useremail != null">
                    userEmail = #{useremail,jdbcType=VARCHAR},
                </if>
                <if test="usernation != null">
                    userNation = #{usernation,jdbcType=VARCHAR},
                </if>
                <if test="userremarks != null">
                    userRemarks = #{userremarks,jdbcType=VARCHAR},
                </if>
                <if test="userchangetime != null">
                    userChangeTime = #{userchangetime,jdbcType=VARCHAR},
                </if>
            </set>
        where userId = #{userid,jdbcType=INTEGER}
    </update>


    <delete id="delete" parameterType= "java.lang.Integer">
        delete from remark
        where userId = #{userid,jdbcType=INTEGER};
        delete from together
        where userId = #{userid,jdbcType=INTEGER};
        delete from user
        where userId = #{userid,jdbcType=INTEGER};
    </delete>

<select id="show" resultType="map">
    select
    <include refid="Base_Column_List" />
    from user
</select>




</mapper>